{"cameraMode":{"drawMode":0,"name":"Shaded","section":"Shading Mode"},"sceneLighting":true,"audioPlay":false,"sceneViewState":{"showFog":true,"showMaterialUpdate":false,"showSkybox":true,"showFlares":true,"showImageEffects":true,"showParticleSystems":true},"in2DMode":false,"pivot":{"x":-22.99448585510254,"y":-15.648567199707032,"z":5.235724925994873},"rotation":{"x":0.15243835747241975,"y":0.6575506925582886,"z":-0.13830670714378358,"w":0.7247689962387085},"size":37.820247650146487,"orthographic":false}